id, first-Name, last-Name,Birth-date
1,Reed,Edwards
2,Hoyt,Park
3,Leila,Petty
4,Denton,Strong
5,Zoe,Romero
6,Rana,Compton
7,Velma,King
8,Uriah,Carter
9,Michael,Graves
10,Leigh,Stone
11,Iliana,Glenn
12,Harrison,Haley
13,Leonard,Zamora
14,Hiroko,Wyatt
15,Cameron,Carlson
16,Hunter,Avery
17,Aimee,Cox
18,Yen,Delgado
19,Gemma,Peterson
20,Lani,Faulkner
21,Iola,Cannon
22,Whitney,Shaffer
23,Jerome,Moran
24,Quinn,Wheeler
25,Mira,Wilder
26,Tobias,Holloway
27,Shaine,Schneider
28,Harding,Gonzales
29,Calista,Nieves
30,Duncan,Norman
31,Fatima,Hamilton
32,Ali,Browning
33,Erin,Sosa
34,Carol,Harmon
35,Illiana,Fitzgerald
36,Stephen,Riley
37,Hermione,Waller
38,Desiree,Flowers
39,Karyn,Blackburn
40,Briar,Carroll
41,Chaney,Green
42,Robert,Higgins
43,Lillith,House
44,Astra,Winters
45,Cherokee,Stephenson
46,Yuri,Shaw
47,Boris,Sparks
48,Wilma,Blake
49,Brynne,Morse
50,Ila,Conley
51,Sharon,Watts
52,Kareem,Vaughan
53,Eden,Barnes
54,Kenyon,Fulton
55,Mona,Ball
56,Moses,Cortez
57,Macy,Banks
58,Brenna,Mendez
59,Emerald,Ewing
60,Lev,Mcfarland
61,Norman,Tanner
62,Alexa,Walters
63,Dara,Hyde
64,Hu,Sampson
65,Jasmine,Cardenas
66,Julian,Bentley
67,Samson,Brown
68,Gisela,Hogan
69,Jeanette,Cummings
70,Galena,Perkins
71,Olga,Mays
72,Ferdinand,Austin
73,Zenia,Anthony
74,Hop,Hampton
75,Shaine,Vang
76,Ariana,Cochran
77,India,Paul
78,Karina,Doyle
79,Delilah,Johnston
80,Hilel,Hood
81,Kennedy,Hoffman
82,Kameko,Bell
83,Lunea,Gutierrez
84,William,Burris
85,Kiara,Walls
86,Latifah,Alexander
87,Keaton,Ward
88,Jasper,Clements
89,Claire,Brown
90,Noble,Morgan
91,Evangeline,Horn
92,Jonah,Harrell
93,Mira,Espinoza
94,Brennan,Oneill
95,Dacey,Howe
96,Yoko,Pittman
97,Cody,Conway
98,Jordan,Knowles
99,Pearl,Boyer
100,Keely,Montoya
101,Michelle,House
102,Xavier,Wagner
103,Xandra,Britt
104,Cole,Nolan
105,Charles,Hartman
106,Fiona,Newton
107,Kuame,Walton
108,Erica,Finch
109,Kamal,Steele
110,Veda,Carpenter
111,Wendy,Glenn
112,Vernon,Lara
113,Xerxes,Townsend
114,Ocean,Tran
115,Rose,Vaughan
116,Kay,Christian
117,Petra,Fisher
118,Giselle,Lambert
119,Malachi,Meadows
120,Zephania,Hensley
121,Malachi,Morrow
122,Quinn,Walter
123,Amity,Reese
124,Adria,Gilliam
125,Ann,Jennings
126,Charles,Harper
127,Giselle,Case
128,Brynn,Reeves
129,Scarlett,Mcintyre
130,Brielle,Aguirre
131,Blaze,Price
132,Dorothy,Mcmillan
133,Beverly,Bradshaw
134,Autumn,Hendricks
135,Allistair,Frederick
136,Kathleen,Petersen
137,Neil,Haney
138,Jin,Cooley
139,Hilary,Lowery
140,Bruce,Stokes
141,Fletcher,Mercado
142,Pandora,Osborn
143,Kaden,William
144,Myles,Humphrey
145,Lesley,Nieves
146,Christopher,Mcdaniel
147,Ruby,Hewitt
148,Oleg,Carlson
149,Jolie,Bass
150,Tanek,Maynard
151,Axel,Hansen
152,Aline,Pickett
153,Callie,Castillo
154,Galena,Fisher
155,August,Valentine
156,Davis,Maldonado
157,Christian,Mcconnell
158,Honorato,Hansen
159,Patrick,Snyder
160,Lynn,Wiggins
161,Kai,Potts
162,Vaughan,Lang
163,Mark,King
164,Xenos,Hart
165,Nell,Kirk
166,Nevada,Dodson
167,Orla,Rasmussen
168,Meghan,Oliver
169,Minerva,Morris
170,Sarah,Barton
171,Yardley,Good
172,Tara,Barrera
173,Keelie,Carney
174,Lamar,Weaver
175,Iris,Holt
176,Lisandra,Christian
177,Zeph,Schultz
178,Fallon,Morse
179,Cynthia,Blackwell
180,Angela,Gay
181,Amber,Harding
182,Katelyn,Harmon
183,Byron,Faulkner
184,Xyla,Fowler
185,Zeus,Kemp
186,Kylan,Charles
187,Dylan,Short
188,Dora,Holland
189,Dana,Jones
190,Kaye,Zimmerman
191,Lareina,Carney
192,Reece,Figueroa
193,Justina,Gates
194,Raya,Sheppard
195,Harper,Bender
196,Candace,Collins
197,Idola,Levine
198,Belle,Hays
199,Dominique,Nunez
200,Adria,Harrell
201,Kirsten,Chapman
202,Vance,Mccall
203,Duncan,Page
204,Addison,Wilkinson
205,Owen,Petty
206,Clementine,Kim
207,Yoshi,Campos
208,Dacey,Baxter
209,Bevis,Arnold
210,Sasha,Davenport
211,Josephine,Delaney
212,Avram,Farmer
213,Kai,Ferguson
214,David,Mercado
215,Suki,Foreman
216,Uma,Clayton
217,Mannix,Gutierrez
218,Adrian,Macdonald
219,Kellie,Lynch
220,Xaviera,Key
221,Sybill,Hood
222,Adena,Rhodes
223,Cheyenne,Henderson
224,Carly,Nielsen
225,Burton,Stuart
226,Alden,Barnes
227,Zeus,Walsh
228,Bruce,Soto
229,Fatima,Roth
230,Branden,Beasley
231,Petra,Davidson
232,Ursula,Park
233,Hu,Kent
234,Anne,Shields
235,Amos,Golden
236,Gavin,Conner
237,Geraldine,Warner
238,Callum,Todd
239,Alexander,Morin
240,Maisie,Morales
241,Keiko,Rodriguez
242,Amaya,Bullock
243,Aimee,Arnold
244,Jillian,Cabrera
245,Ronan,Camacho
246,Dora,Schultz
247,Chiquita,Perry
248,Rudyard,Wynn
249,Avram,Hardy
250,Odysseus,Delaney
251,Logan,Carr
252,Walker,Michael
253,Ishmael,Paul
254,Angelica,Valencia
255,Belle,Baker
256,Reuben,Harvey
257,Kai,Barry
258,Ingrid,Trevino
259,Amelia,Wong
260,Bradley,Henry
261,Graiden,Hinton
262,Hall,Collier
263,Lacey,Ford
264,Xenos,Terrell
265,Beck,Key
266,Veda,Wilcox
267,Ralph,Morin
268,Burke,Hicks
269,Yasir,Aguirre
270,Pearl,Cunningham
271,Alan,Paul
272,Herrod,Joyner
273,Tanek,Delgado
274,Ursa,Garcia
275,Forrest,Mcneil
276,Mariko,Hurley
277,Dale,Workman
278,Noelani,Hanson
279,Mari,Tyson
280,Ursa,England
281,Roth,Bentley
282,Carter,Payne
283,Lee,Gay
284,Isabella,Fernandez
285,Madonna,Graham
286,Armand,Frank
287,Zoe,Tran
288,Burke,Blair
289,Howard,Day
290,Xantha,Buckley
291,Wyatt,Hinton
292,Martin,Mathews
293,Zephania,George
294,Phoebe,Clay
295,Vernon,Brewer
296,Blythe,Calderon
297,Macaulay,Lara
298,Imelda,Buck
299,Neville,Riggs
300,Tasha,Duncan
301,Walker,Jarvis
302,Forrest,Kim
303,Phoebe,Tucker
304,Solomon,Hendricks
305,Tatiana,Merrill
306,Hilel,Raymond
307,Dominique,Leblanc
308,Naomi,Edwards
309,Lawrence,Ramos
310,Raymond,Mccoy
311,Xanthus,Frost
312,Summer,Ferguson
313,Giacomo,Shannon
314,Macaulay,Rowland
315,Hiram,Pennington
316,Chava,Taylor
317,Xenos,Hopper
318,Cathleen,Franklin
319,Althea,Cohen
320,Ora,Hernandez
321,Nadine,Alvarez
322,Sloane,Leach
323,Cheyenne,Graham
324,Gemma,Alvarado
325,Catherine,Small
326,Yolanda,Hahn
327,Camden,Madden
328,Hanae,Gamble
329,Lucius,Carter
330,Geoffrey,Ruiz
331,Baxter,Ashley
332,Ursa,Simpson
333,Ali,Combs
334,Kiayada,Rowland
335,Megan,Gray
336,Chelsea,Gonzalez
337,Casey,Foster
338,Genevieve,Jacobs
339,Joshua,Rodgers
340,Gary,Howell
341,Colby,Branch
342,Kylee,Calderon
343,Chastity,Douglas
344,Elizabeth,Vargas
345,Anne,Mcdaniel
346,Kimberley,Key
347,Ivory,Lynn
348,Jared,Leonard
349,Vivian,Robinson
350,Jenna,Barrera
351,Ava,Nieves
352,Prescott,Gallegos
353,Ila,Chase
354,Quinn,Shaffer
355,Thaddeus,Ochoa
356,Sawyer,Montoya
357,Mona,Hendrix
358,Quinn,Franco
359,Myra,Rios
360,Laurel,Malone
361,Brian,Myers
362,Joan,Jacobs
363,Aurelia,Donovan
364,Melyssa,Mcknight
365,Rina,Hughes
366,Samantha,Mayer
367,Melvin,Barry
368,Delilah,Pena
369,Violet,Floyd
370,Guinevere,Baker
371,Whitney,Graves
372,Axel,Black
373,Carl,Vasquez
374,Lydia,Ashley
375,Xerxes,Carson
376,Sara,Allen
377,Malcolm,Snow
378,Maile,Workman
379,Aubrey,Alston
380,Mark,Scott
381,Thor,Blackwell
382,Gisela,Duke
383,Martina,Ballard
384,Xavier,Mcmillan
385,Francesca,Osborne
386,Barry,Mccoy
387,Gray,Walker
388,Cleo,Potts
389,Willow,Humphrey
390,Simone,Silva
391,Devin,Frazier
392,Aquila,Henry
393,Mollie,Wyatt
394,Vaughan,Holland
395,Charlotte,Lott
396,Bruno,Johns
397,Kendall,Landry
398,Karly,George
399,Travis,Blackburn
400,Amery,Humphrey
401,Kadeem,Franklin
402,Cade,Patterson
403,Arsenio,Holman
404,Georgia,Buchanan
405,Brittany,Decker
406,Kane,Hurst
407,Halee,Terrell
408,Scott,Osborne
409,Rooney,Marquez
410,Gillian,Dejesus
411,Avye,Smith
412,Rose,Simon
413,Lee,Pate
414,Zena,Meyers
415,Steel,Lucas
416,Berk,Johnston
417,Chandler,Stokes
418,Drake,Baxter
419,Merritt,Wallace
420,Rigel,Davenport
421,Bruce,Walsh
422,Brennan,Peters
423,Zeph,Hodges
424,Sade,Horton
425,Moses,Graham
426,Emmanuel,Clemons
427,Hadley,Lawrence
428,Roth,Hoffman
429,Wynne,Buchanan
430,Geoffrey,Cook
431,Adrian,Waller
432,Laith,Lang
433,Charde,Watson
434,Christine,Bennett
435,Irene,Giles
436,Holmes,Lindsay
437,Brynn,Williamson
438,Dalton,Cunningham
439,Ila,Boone
440,Erica,Galloway
441,Ciaran,Santana
442,Cameron,Strickland
443,Connor,Velasquez
444,Blossom,Berg
445,Jakeem,Reilly
446,Fay,Rutledge
447,August,Berg
448,Naomi,Morris
449,Fiona,Vang
450,Danielle,Jensen
451,Laith,Bartlett
452,Leigh,Holcomb
453,Chantale,Chen
454,Kevyn,Wise
455,Demetrius,Snider
456,Tasha,Guy
457,Ignacia,George
458,Charissa,Landry
459,Jolene,Malone
460,Haley,Glover
461,Martina,Rowe
462,Kyra,Duncan
463,Dominic,Wong
464,Halee,Caldwell
465,Dane,Kramer
466,Colton,Garrison
467,Neville,Bolton
468,Dylan,Frye
469,Yuri,Palmer
470,Lamar,Alvarado
471,Bevis,William
472,Ella,Martinez
473,Walter,Golden
474,Carter,Harvey
475,Steven,Ortega
476,Christopher,Battle
477,Philip,Howe
478,Knox,Calderon
479,Brenden,Dillard
480,Sigourney,Walker
481,Lila,Prince
482,Kaitlin,Wolf
483,Athena,Whitfield
484,Quinlan,Travis
485,Angela,Booth
486,Dennis,Haynes
487,Rhiannon,Rosario
488,Paul,Baxter
489,Wallace,Powers
490,Malachi,Pruitt
491,Garrison,Randolph
492,Omar,Puckett
493,Tamekah,Kaufman
494,Erica,Peterson
495,Lacey,Bell
496,Xavier,Garza
497,Bryar,Hunt
498,Lacota,Trujillo
499,Jared,Wiley
500,Patricia,Randall
501,Nell,Bean
502,Stephen,Gentry
503,Erasmus,Reynolds
504,Nadine,Greene
505,Ruby,Weaver
506,Gareth,Fletcher
507,Dieter,Osborn
508,Amela,Hammond
509,Erasmus,Knowles
510,Yoshio,Petersen
511,Devin,Rich
512,Richard,Knowles
513,Zelda,Houston
514,Quinn,Alston
515,Risa,Farmer
516,Regan,Molina
517,Kai,Best
518,Petra,Alvarez
519,Kerry,Deleon
520,Colin,Mcneil
521,Chelsea,Mack
522,Lance,Chen
523,Lester,Allison
524,Jamal,Roach
525,Patricia,Pace
526,Arsenio,Browning
527,Elvis,Gentry
528,Elijah,Peterson
529,Erin,Herrera
530,MacKenzie,Odonnell
531,Arsenio,Mercer
532,Nichole,Gutierrez
533,Hedda,Fox
534,Dean,Barber
535,Clio,Glass
536,Idola,Frye
537,Stewart,Pierce
538,Patrick,Paul
539,Hadassah,Shields
540,Renee,Wise
541,Desiree,Roach
542,Aladdin,Mcdonald
543,Kyra,Merritt
544,Ocean,Bishop
545,Gary,Norton
546,Mannix,Cooper
547,Melodie,Matthews
548,Garrett,Walton
549,Melodie,Booth
550,Mollie,Greene
551,Victoria,Oliver
552,Herman,Heath
553,Wendy,Stout
554,Dolan,Pitts
555,Hiram,Vaughan
556,Daryl,Rollins
557,Chaim,Wells
558,Nash,Weaver
559,Kevyn,Wooten
560,Lavinia,Vance
561,Ursula,Avila
562,Cassandra,Whitfield
563,Celeste,Frank
564,Emmanuel,Henson
565,Michelle,Harrison
566,Xenos,Blair
567,Shannon,Carter
568,Holmes,Weber
569,Noelle,Shaw
570,Tamekah,Moran
571,Cairo,Witt
572,Alfreda,Hatfield
573,Beverly,Harris
574,Troy,Lucas
575,Hanna,Hopper
576,Aimee,David
577,Burton,Robles
578,Miriam,Melendez
579,Keane,Pierce
580,Rudyard,Carroll
581,Rigel,Fox
582,Iona,Gutierrez
583,Hilda,Knight
584,Paloma,Garrett
585,Callum,Hodges
586,Kiayada,Wiley
587,Plato,Brady
588,Brennan,Justice
589,Elizabeth,Molina
590,Jonas,Meyer
591,Brady,Sanchez
592,Noah,Cunningham
593,Hyatt,Goff
594,Scarlett,Baldwin
595,Zorita,Lynn
596,Mariko,Stevens
597,Nell,Watts
598,Bree,Cole
599,Chandler,Jenkins
600,Urielle,Webster
601,Jenette,Mays
602,Candace,Gonzalez
603,Leigh,Francis
604,Jamal,Carrillo
605,Kristen,Herring
606,Brandon,Weaver
607,Randall,Savage
608,Aspen,Norton
609,Tarik,Hill
610,Roary,Sullivan
611,Nolan,Miller
612,Julie,Colon
613,Robin,Weber
614,Charlotte,Vang
615,Barclay,Moss
616,Austin,Watkins
617,Holly,Velasquez
618,Constance,Jefferson
619,Vance,Clements
620,Jameson,Miller
621,Teegan,Bass
622,Georgia,Wolf
623,Donovan,Hull
624,Keane,Hernandez
625,Nigel,Valdez
626,Honorato,Justice
627,Ivor,Mejia
628,Sonya,Nichols
629,Adara,Douglas
630,Zenaida,Finch
631,Bruno,Decker
632,Dylan,Good
633,Brody,Matthews
634,Lael,Holland
635,Hyatt,Pope
636,Harriet,Joyce
637,Chaim,Wiley
638,Dylan,Mckay
639,Sybil,Velasquez
640,Violet,Santos
641,Anthony,Ayers
642,Amena,Owens
643,Oscar,Leon
644,Scarlet,Sherman
645,Yardley,Rocha
646,Rowan,Webster
647,Ayanna,Guerra
648,Wynne,Snyder
649,Rose,Sexton
650,Jael,Gilmore
651,Edward,Holmes
652,Dora,Roach
653,Chaim,Monroe
654,Owen,Foreman
655,Adam,Paul
656,Brian,Perez
657,Todd,Wilcox
658,Ishmael,Dixon
659,Marny,Medina
660,Brock,Lyons
661,Malachi,Hill
662,Inga,Weeks
663,Harper,Weeks
664,Cairo,Ramos
665,Benjamin,Walls
666,Grady,Briggs
667,Elizabeth,Christian
668,Kim,Oneil
669,Raya,Reyes
670,Haviva,Pitts
671,Illana,Oneill
672,Skyler,Vazquez
673,Quynn,Hudson
674,Autumn,Jefferson
675,Timothy,Ford
676,Amber,Wilkins
677,Knox,Sweet
678,Kasper,Horn
679,Ignatius,Sheppard
680,Breanna,Delacruz
681,Keith,Morse
682,Tanner,Mckee
683,Larissa,Holder
684,Joan,Hardy
685,Lucy,Silva
686,Samantha,Bean
687,Keiko,Cooley
688,Phelan,Davidson
689,Hayes,Hopper
690,Jenette,Hubbard
691,Gemma,Santos
692,Elvis,Patel
693,Camilla,Patrick
694,Deborah,Vazquez
695,Jerry,Hodge
696,Sean,Kirk
697,Victoria,Garrison
698,Jael,Norris
699,Joan,Byrd
700,Myles,Ballard
701,TaShya,Byers
702,Haley,Mathews
703,Astra,Martin
704,Geoffrey,Griffith
705,Magee,Hansen
706,Josiah,Sosa
707,Lesley,Hahn
708,Liberty,Pace
709,Teagan,Cervantes
710,Noelani,Cannon
711,Xenos,Thompson
712,Noel,Dickson
713,Ivor,Acevedo
714,Penelope,Hodges
715,Bernard,Bryan
716,Armando,Alford
717,Hannah,Mcclure
718,Vernon,Banks
719,Cyrus,Knight
720,Blair,Tate
721,Priscilla,Hewitt
722,Mollie,Pate
723,Evelyn,Fowler
724,Amethyst,Christian
725,Adrian,Newton
726,Ryan,Cannon
727,Rana,Bruce
728,Mohammad,Chang
729,Kylee,Vincent
730,Brian,Palmer
731,Emerald,Baker
732,Halee,Rush
733,Lisandra,Guy
734,Eliana,Cross
735,Freya,Mann
736,Tucker,Mayo
737,Dacey,Ellis
738,Lucas,Boone
739,Christine,Newton
740,Byron,Norton
741,Alisa,Salas
742,Britanney,Davidson
743,Bo,Sloan
744,Xerxes,Mcclure
745,Ciara,Gregory
746,Hannah,Valencia
747,Paki,Park
748,Thor,Kim
749,Camilla,Atkins
750,Anastasia,Santos
751,Reece,Chang
752,May,Graves
753,Mariam,Arnold
754,Karina,Blackburn
755,Cherokee,Hopper
756,Troy,Mendez
757,Rachel,Phelps
758,Lionel,White
759,Xerxes,Calhoun
760,Kelsie,Day
761,Simon,Warner
762,Jana,Frederick
763,Patrick,Goodwin
764,Ishmael,Brock
765,Amal,Pitts
766,Cullen,Mack
767,Amos,Villarreal
768,Grant,Oneal
769,Dara,Carson
770,Abra,Valdez
771,Dennis,Peters
772,Xyla,Mcclain
773,Eleanor,Duffy
774,Lionel,Stephenson
775,Emmanuel,Wheeler
776,Miranda,Mcgee
777,Byron,Mcintyre
778,Ulric,Preston
779,Athena,Payne
780,Madonna,Casey
781,Rinah,Gallegos
782,Finn,White
783,Castor,Wilkinson
784,Glenna,Richardson
785,Walter,Cook
786,Eden,Simpson
787,Tana,Cummings
788,Devin,Gamble
789,Alfreda,Mclean
790,Jolie,Daniel
791,Sawyer,Osborne
792,Lillian,Moss
793,Hyacinth,Pitts
794,Raven,Conner
795,Rigel,Rose
796,Ina,Patrick
797,Lillian,Rojas
798,Channing,Hahn
799,Aidan,Carver
800,Haley,Carney
801,Declan,Roach
802,Olga,Dalton
803,Keely,Knowles
804,Kitra,Ortega
805,Simon,Hobbs
806,Francis,Jordan
807,Elaine,Rodriguez
808,Julie,Lester
809,Joseph,Terrell
810,Ivor,Clark
811,Caryn,Cain
812,Amena,Leon
813,Trevor,Holden
814,Uriah,Brady
815,Whoopi,Waters
816,Alden,Bartlett
817,Alan,Holder
818,Kelsie,Oneal
819,Reece,Gentry
820,Lila,Clements
821,Cullen,Lancaster
822,Rachel,Mckenzie
823,Mia,Bradley
824,Macy,Erickson
825,Neve,Bonner
826,Oren,Irwin
827,Caesar,Petersen
828,Velma,Sears
829,Anjolie,Shaffer
830,Lester,Harrington
831,Mara,Jacobs
832,Barclay,Boyer
833,Stacy,Rios
834,Gage,Dyer
835,Iris,Alexander
836,Ivan,Woodward
837,Riley,Horne
838,Lacota,Sears
839,Charde,Becker
840,Kim,Arnold
841,Erasmus,Cherry
842,Kato,Underwood
843,Kasper,Hammond
844,Mark,Ford
845,Sheila,Mueller
846,Acton,Hodge
847,Carson,Woodward
848,Christen,Dillon
849,Rosalyn,Macias
850,Vance,Gilliam
851,Belle,Doyle
852,Kylan,Vance
853,Samantha,Nichols
854,Matthew,Boone
855,Inez,Bullock
856,Wing,Blevins
857,Colette,Ross
858,Yvonne,Sanders
859,Genevieve,Wyatt
860,Sylvester,Cote
861,Finn,Acevedo
862,Hadassah,Whitaker
863,Driscoll,Anderson
864,Peter,Peterson
865,Raymond,Wheeler
866,Judith,Gamble
867,Darius,Talley
868,Xenos,Mack
869,Kiara,Terry
870,Tallulah,Bowman
871,Lucy,Pace
872,Tatum,Summers
873,Edan,Giles
874,Kyra,Melton
875,Rana,Conrad
876,Azalia,Rush
877,Carla,Conley
878,Guinevere,Garrett
879,Kirk,Albert
880,Aphrodite,Patel
881,Karyn,Vargas
882,Rowan,Stokes
883,Medge,Walsh
884,Kelsey,Boyle
885,Ferris,Woodward
886,Karen,Boyer
887,Alfonso,Murray
888,Macey,Zimmerman
889,Duncan,Poole
890,Shelby,Snider
891,Hilel,Cohen
892,Lavinia,Farrell
893,Katell,Burnett
894,Hanae,Mckay
895,Jenette,Roach
896,Idona,Dickerson
897,Clinton,Clarke
898,Mark,Gonzalez
899,Galvin,Valencia
900,Angelica,Adkins
901,Thaddeus,Collins
902,Graiden,Keller
903,Allistair,Brock
904,Libby,Morgan
905,Nevada,Meyers
906,Ali,Daugherty
907,Jordan,Petersen
908,Conan,Frederick
909,Astra,Wallace
910,Thomas,Holder
911,Sophia,Irwin
912,Hilda,Sloan
913,Cullen,Mccullough
914,Yoshio,West
915,Marsden,Pearson
916,Dominic,Gay
917,Carl,Lester
918,Stella,Herrera
919,Omar,Aguirre
920,Hayley,Hoover
921,Lacota,Sloan
922,Deborah,Wagner
923,Kitra,Foster
924,Candace,Talley
925,Eric,Wiggins
926,Kay,Mathews
927,Otto,Dean
928,Kitra,Barnett
929,Paki,Andrews
930,Clark,Kerr
931,Lila,Greer
932,George,Mosley
933,Hedda,Stanley
934,Angelica,Pierce
935,Dylan,Giles
936,Cherokee,Byrd
937,Carol,Lester
938,Adria,Alford
939,Daquan,Howe
940,Lani,Robbins
941,Carissa,Nieves
942,Wynne,Randall
943,Raya,Carroll
944,Giacomo,Walsh
945,Ella,Mathis
946,Hakeem,Sims
947,Yoshi,Pacheco
948,Nola,Blackwell
949,Clare,Bates
950,Owen,Fuentes
951,Chelsea,Kinney
952,Wang,Baker
953,Rachel,Reilly
954,Tucker,Woods
955,Dacey,Cervantes
956,Aileen,Booker
957,Rylee,Doyle
958,Sarah,Mendez
959,May,Lester
960,Yael,Patrick
961,Brandon,Clarke
962,Shelby,Parrish
963,Norman,Bartlett
964,Abbot,Salinas
965,Lucas,Meadows
966,Ainsley,Yang
967,Aileen,Cannon
968,Christen,Lawson
969,Shafira,Butler
970,Skyler,Hays
971,Nathaniel,Mccall
972,Fredericka,Curtis
973,Dennis,Parker
974,Alice,Mathews
975,Emmanuel,Townsend
976,Tallulah,Leach
977,Lael,Winters
978,Amos,Floyd
979,Addison,Nichols
980,Amos,Knox
981,Regan,Campos
982,Merrill,Wolfe
983,Fredericka,Miles
984,Geraldine,Jensen
985,Sharon,Morales
986,Nyssa,Vaughn
987,Orlando,French
988,Peter,Daugherty
989,Stephanie,Hayden
990,Harriet,Burton
991,Kenneth,Wheeler
992,Meghan,Clark
993,Debra,Maddox
994,Ursula,Bryant
995,Dillon,Glenn
996,Juliet,Colon
997,William,Cole
998,Doris,Craft
999,Camilla,Combs
1000,Cheyenne,Mckinney
